{
    "te": {
        "states": {
            "Andhra Pradesh": "ఆంధ్రప్రదేశ్",
            "Telangana": "తెలంగాణ",
            "Tamil Nadu": "తమిళనాడు",
            "Karnataka": "కర్ణాటక",
            "Kerala": "కేరళ",
            "Maharashtra": "మహారాష్ట్ర",
            "Gujarat": "గుజరాత్",
            "Rajasthan": "రాజస్థాన్",
            "Uttar Pradesh": "ఉత్తరప్రదేశ్",
            "Madhya Pradesh": "మధ్యప్రదేశ్",
            "Bihar": "బీహార్",
            "West Bengal": "పశ్చిమ బెంగాల్",
            "Punjab": "పంజాబ్",
            "Haryana": "హర్యానా",
            "Odisha": "ఒడిశా",
            "Chhattisgarh": "ఛత్తీస్‌గఢ్",
            "Jharkhand": "జార్ఖండ్",
            "Assam": "అస్సాం",
            "Goa": "గోవా",
            "Himachal Pradesh": "హిమాచల్ ప్రదేశ్",
            "Uttarakhand": "ఉత్తరాఖండ్",
            "Jammu and Kashmir": "జమ్ము కాశ్మీర్",
            "Tripura": "త్రిపుర",
            "Meghalaya": "మేఘాలయ",
            "Manipur": "మణిపూర్",
            "Nagaland": "నాగాలాండ్",
            "Mizoram": "మిజోరాం",
            "Arunachal Pradesh": "అరుణాచల్ ప్రదేశ్",
            "Sikkim": "సిక్కిం",
            "Delhi": "ఢిల్లీ",
            "Puducherry": "పుదుచ్చేరి",
            "Chandigarh": "చండీగఢ్",
            "Dadra and Nagar Haveli": "దాద్రా నాగర్ హవేలీ",
            "Daman and Diu": "దమన్ దీవ్",
            "Lakshadweep": "లక్షద్వీప్",
            "Andaman and Nicobar Islands": "అండమాన్ నికోబార్ దీవులు",
            "Ladakh": "లడఖ్",
            "ANDHRA PRADESH": "ఆంధ్రప్రదేశ్",
            "TELANGANA": "తెలంగాణ",
            "TAMIL NADU": "తమిళనాడు",
            "KARNATAKA": "కర్ణాటక",
            "KERALA": "కేరళ",
            "MAHARASHTRA": "మహారాష్ట్ర",
            "GUJARAT": "గుజరాత్",
            "RAJASTHAN": "రాజస్థాన్",
            "UTTAR PRADESH": "ఉత్తరప్రదేశ్",
            "MADHYA PRADESH": "మధ్యప్రదేశ్",
            "BIHAR": "బీహార్",
            "WEST BENGAL": "పశ్చిమ బెంగాల్",
            "PUNJAB": "పంజాబ్",
            "HARYANA": "హర్యానా",
            "ODISHA": "ఒడిశా",
            "CHHATTISGARH": "ఛత్తీస్‌గఢ్",
            "JHARKHAND": "జార్ఖండ్",
            "ASSAM": "అస్సాం",
            "GOA": "గోవా",
            "HIMACHAL PRADESH": "హిమాచల్ ప్రదేశ్",
            "UTTARAKHAND": "ఉత్తరాఖండ్",
            "JAMMU AND KASHMIR": "జమ్ము కాశ్మీర్",
            "TRIPURA": "త్రిపుర",
            "MEGHALAYA": "మేఘాలయ",
            "MANIPUR": "మణిపూర్",
            "NAGALAND": "నాగాలాండ్",
            "MIZORAM": "మిజోరాం",
            "ARUNACHAL PRADESH": "అరుణాచల్ ప్రదేశ్",
            "SIKKIM": "సిక్కిం",
            "DELHI": "ఢిల్లీ"
        },
        "districts": {
            "Guntur": "గుంటూరు",
            "Krishna": "కృష్ణా",
            "Prakasam": "ప్రకాశం",
            "Kurnool": "కర్నూలు",
            "Anantapur": "అనంతపురం",
            "Chittoor": "చిత్తూరు",
            "Nellore": "నెల్లూరు",
            "Kadapa": "కడప",
            "East Godavari": "తూర్పు గోదావరి",
            "West Godavari": "పశ్చిమ గోదావరి",
            "Visakhapatnam": "విశాఖపట్నం",
            "Srikakulam": "శ్రీకాకుళం",
            "Vizianagaram": "విజయనగరం",
            "YSR": "వైఎస్ఆర్",
            "Hyderabad": "హైదరాబాద్",
            "Warangal": "వరంగల్",
            "Karimnagar": "కరీంనగర్",
            "Nizamabad": "నిజామాబాద్",
            "Khammam": "ఖమ్మం",
            "Medak": "మెదక్",
            "Nalgonda": "నల్గొండ",
            "Rangareddy": "రంగారెడ్డి",
            "Mahabub Nagar": "మహబూబ్‌నగర్",
            "Adilabad": "ఆదిలాబాద్",
            "Chennai": "చెన్నై",
            "Coimbatore": "కోయంబత్తూరు",
            "Madurai": "మదురై",
            "Salem": "సేలం",
            "Tiruchirappalli": "తిరుచిరాపల్లి",
            "Erode": "ఈరోడ్",
            "Tirunelveli": "తిరునెల్వేలి",
            "Bangalore": "బెంగళూరు",
            "Mysore": "మైసూరు",
            "Belgaum": "బెళగావి",
            "Hubli": "హుబ్బళ్ళి",
            "Dharwad": "ధార్వాడ",
            "Bellary": "బళ్ళారి",
            "Shimoga": "శివమొగ్గ",
            "Pune": "పూణే",
            "Mumbai": "ముంబై",
            "Nagpur": "నాగపూర్",
            "Nashik": "నాసిక్",
            "Aurangabad": "ఔరంగాబాద్",
            "Kolhapur": "కొల్హాపూర్",
            "Solapur": "సోలాపూర్",
            "Ahmednagar": "అహమ్మద్‌నగర్",
            "Ahmedabad": "అహ్మదాబాద్",
            "Rajkot": "రాజ్‌కోట్",
            "Surat": "సూరత్",
            "Jaipur": "జైపూర్",
            "Jodhpur": "జోధ్‌పూర్",
            "Udaipur": "ఉదయపూర్",
            "Lucknow": "లక్నో",
            "Agra": "ఆగ్రా",
            "Varanasi": "వారణాసి",
            "Kanpur": "కాన్పూర్",
            "Indore": "ఇండోర్",
            "Bhopal": "భోపాల్",
            "Patna": "పాట్నా",
            "Kolkata": "కోల్‌కతా",
            "Ludhiana": "లుథియానా",
            "Amritsar": "అమృత్‌సర్",
            "Bhubaneswar": "భువనేశ్వర్",
            "Raipur": "రాయపూర్"
        }
    },
    "hi": {
        "states": {
            "Andhra Pradesh": "आंध्र प्रदेश",
            "Telangana": "तेलंगाना",
            "Tamil Nadu": "तमिल नाडु",
            "Karnataka": "कर्नाटक",
            "Kerala": "केरल",
            "Maharashtra": "महाराष्ट्र",
            "Gujarat": "गुजरात",
            "Rajasthan": "राजस्थान",
            "Uttar Pradesh": "उत्तर प्रदेश",
            "Madhya Pradesh": "मध्य प्रदेश",
            "Bihar": "बिहार",
            "West Bengal": "पश्चिम बंगाल",
            "Punjab": "पंजाब",
            "Haryana": "हरियाणा",
            "Odisha": "ओडिशा",
            "Chhattisgarh": "छत्तीसगढ़",
            "Jharkhand": "झारखंड",
            "Assam": "असम",
            "Goa": "गोवा",
            "Himachal Pradesh": "हिमाचल प्रदेश",
            "Uttarakhand": "उत्तराखंड",
            "Jammu and Kashmir": "जम्मू और कश्मीर",
            "Tripura": "त्रिपुरा",
            "Meghalaya": "मेघालय",
            "Manipur": "मणिपुर",
            "Nagaland": "नागालैंड",
            "Mizoram": "मिज़ोरम",
            "Arunachal Pradesh": "अरुणाचल प्रदेश",
            "Sikkim": "सिक्किम",
            "Delhi": "दिल्ली",
            "Puducherry": "पुदुचेरी",
            "Chandigarh": "चंडीगढ़",
            "Ladakh": "लद्दाख",
            "ANDHRA PRADESH": "आंध्र प्रदेश",
            "TELANGANA": "तेलंगाना",
            "TAMIL NADU": "तमिल नाडु",
            "KARNATAKA": "कर्नाटक",
            "KERALA": "केरल",
            "MAHARASHTRA": "महाराष्ट्र",
            "GUJARAT": "गुजरात",
            "RAJASTHAN": "राजस्थान",
            "UTTAR PRADESH": "उत्तर प्रदेश",
            "MADHYA PRADESH": "मध्य प्रदेश",
            "BIHAR": "बिहार",
            "WEST BENGAL": "पश्चिम बंगाल",
            "PUNJAB": "पंजाब",
            "HARYANA": "हरियाणा",
            "ODISHA": "ओडिशा",
            "CHHATTISGARH": "छत्तीसगढ़",
            "JHARKHAND": "झारखंड",
            "ASSAM": "असम",
            "GOA": "गोवा",
            "HIMACHAL PRADESH": "हिमाचल प्रदेश",
            "UTTARAKHAND": "उत्तराखंड",
            "JAMMU AND KASHMIR": "जम्मू और कश्मीर",
            "TRIPURA": "त्रिपुरा",
            "MEGHALAYA": "मेघालय",
            "MANIPUR": "मणिपुर",
            "NAGALAND": "नागालैंड",
            "MIZORAM": "मिज़ोरम",
            "ARUNACHAL PRADESH": "अरुणाचल प्रदेश",
            "SIKKIM": "सिक्किम",
            "DELHI": "दिल्ली"
        },
        "districts": {
            "Guntur": "गुंटूर",
            "Krishna": "कृष्णा",
            "Prakasam": "प्रकाशम",
            "Kurnool": "कुर्नूल",
            "Anantapur": "अनंतपुर",
            "Chittoor": "चित्तूर",
            "Nellore": "नेल्लूर",
            "Kadapa": "कडपा",
            "East Godavari": "पूर्व गोदावरी",
            "West Godavari": "पश्चिम गोदावरी",
            "Visakhapatnam": "विशाखापट्टनम",
            "Srikakulam": "श्रीकाकुलम",
            "Vizianagaram": "विजयनगरम",
            "Hyderabad": "हैदराबाद",
            "Warangal": "वारंगल",
            "Karimnagar": "करीमनगर",
            "Nizamabad": "निज़ामाबाद",
            "Khammam": "खम्मम",
            "Medak": "मेदक",
            "Nalgonda": "नलगोंडा",
            "Rangareddy": "रंगारेड्डी",
            "Mahabub Nagar": "महबूबनगर",
            "Adilabad": "आदिलाबाद",
            "Chennai": "चेन्नई",
            "Coimbatore": "कोयंबटूर",
            "Madurai": "मदुरै",
            "Salem": "सेलम",
            "Erode": "इरोड",
            "Bangalore": "बैंगलोर",
            "Mysore": "मैसूर",
            "Belgaum": "बेलगाम",
            "Bellary": "बेल्लारी",
            "Dharwad": "धारवाड़",
            "Pune": "पुणे",
            "Mumbai": "मुंबई",
            "Nagpur": "नागपुर",
            "Nashik": "नासिक",
            "Aurangabad": "औरंगाबाद",
            "Kolhapur": "कोल्हापुर",
            "Solapur": "सोलापुर",
            "Ahmednagar": "अहमदनगर",
            "Ahmedabad": "अहमदाबाद",
            "Rajkot": "राजकोट",
            "Surat": "सूरत",
            "Jaipur": "जयपुर",
            "Jodhpur": "जोधपुर",
            "Udaipur": "उदयपुर",
            "Lucknow": "लखनऊ",
            "Agra": "आगरा",
            "Varanasi": "वाराणसी",
            "Kanpur": "कानपुर",
            "Indore": "इंदौर",
            "Bhopal": "भोपाल",
            "Patna": "पटना",
            "Kolkata": "कोलकाता",
            "Ludhiana": "लुधियाना",
            "Amritsar": "अमृतसर",
            "Bhubaneswar": "भुवनेश्वर",
            "Raipur": "रायपुर"
        }
    },
    "ta": {
        "states": {
            "Andhra Pradesh": "ஆந்திர பிரதேசம்",
            "Telangana": "தெலங்கானா",
            "Tamil Nadu": "தமிழ்நாடு",
            "Karnataka": "கர்நாடகா",
            "Kerala": "கேரளா",
            "Maharashtra": "மகாராஷ்டிரா",
            "Gujarat": "குஜராத்",
            "Rajasthan": "ராஜஸ்தான்",
            "Uttar Pradesh": "உத்தரப் பிரதேசம்",
            "Madhya Pradesh": "மத்தியப் பிரதேசம்",
            "Bihar": "பீகார்",
            "West Bengal": "மேற்கு வங்காளம்",
            "Punjab": "பஞ்சாப்",
            "Haryana": "ஹரியானா",
            "Odisha": "ஒடிசா",
            "Chhattisgarh": "சத்தீஸ்கர்",
            "Jharkhand": "ஜார்கண்ட்",
            "Assam": "அசாம்",
            "Goa": "கோவா",
            "Himachal Pradesh": "இமாச்சல பிரதேசம்",
            "Uttarakhand": "உத்தரகண்ட்",
            "Jammu and Kashmir": "ஜம்மு காஷ்மீர்",
            "Tripura": "திரிபுரா",
            "Meghalaya": "மேகாலயா",
            "Manipur": "மணிப்பூர்",
            "Nagaland": "நாகாலாந்து",
            "Mizoram": "மிசோரம்",
            "Arunachal Pradesh": "அருணாச்சல பிரதேசம்",
            "Sikkim": "சிக்கிம்",
            "Delhi": "டெல்லி",
            "Puducherry": "புதுச்சேரி",
            "Chandigarh": "சண்டிகர்",
            "Ladakh": "லடாக்",
            "ANDHRA PRADESH": "ஆந்திர பிரதேசம்",
            "TELANGANA": "தெலங்கானா",
            "TAMIL NADU": "தமிழ்நாடு",
            "KARNATAKA": "கர்நாடகா",
            "KERALA": "கேரளா",
            "MAHARASHTRA": "மகாராஷ்டிரா",
            "GUJARAT": "குஜராத்",
            "RAJASTHAN": "ராஜஸ்தான்",
            "UTTAR PRADESH": "உத்தரப் பிரதேசம்",
            "MADHYA PRADESH": "மத்தியப் பிரதேசம்",
            "BIHAR": "பீகார்",
            "WEST BENGAL": "மேற்கு வங்காளம்",
            "PUNJAB": "பஞ்சாப்",
            "HARYANA": "ஹரியானா",
            "ODISHA": "ஒடிசா",
            "CHHATTISGARH": "சத்தீஸ்கர்",
            "JHARKHAND": "ஜார்கண்ட்",
            "ASSAM": "அசாம்",
            "GOA": "கோவா",
            "HIMACHAL PRADESH": "இமாச்சல பிரதேசம்",
            "UTTARAKHAND": "உத்தரகண்ட்",
            "JAMMU AND KASHMIR": "ஜம்மு காஷ்மீர்",
            "TRIPURA": "திரிபுரா",
            "MEGHALAYA": "மேகாலயா",
            "MANIPUR": "மணிப்பூர்",
            "NAGALAND": "நாகாலாந்து",
            "MIZORAM": "மிசோரம்",
            "ARUNACHAL PRADESH": "அருணாச்சல பிரதேசம்",
            "SIKKIM": "சிக்கிம்",
            "DELHI": "டெல்லி"
        },
        "districts": {
            "Guntur": "குண்டூர்",
            "Krishna": "கிருஷ்ணா",
            "Prakasam": "பிரகாசம்",
            "Kurnool": "கர்னூல்",
            "Anantapur": "அனந்தபூர்",
            "Chittoor": "சித்தூர்",
            "Nellore": "நெல்லூர்",
            "Kadapa": "கடப்பா",
            "East Godavari": "கிழக்கு கோதாவரி",
            "West Godavari": "மேற்கு கோதாவரி",
            "Visakhapatnam": "விசாகப்பட்டினம்",
            "Srikakulam": "ஸ்ரீகாகுளம்",
            "Vizianagaram": "விஜயநகரம்",
            "Hyderabad": "ஹைதராபாத்",
            "Warangal": "வாரங்கல்",
            "Karimnagar": "கரீம்நகர்",
            "Nizamabad": "நிஜாமாபாத்",
            "Khammam": "கம்மம்",
            "Medak": "மெதக்",
            "Nalgonda": "நல்கொண்டா",
            "Rangareddy": "ரங்காரெட்டி",
            "Adilabad": "ஆதிலாபாத்",
            "Chennai": "சென்னை",
            "Coimbatore": "கோயம்புத்தூர்",
            "Madurai": "மதுரை",
            "Salem": "சேலம்",
            "Tiruchirappalli": "திருச்சிராப்பள்ளி",
            "Erode": "ஈரோடு",
            "Tirunelveli": "திருநெல்வேலி",
            "Bangalore": "பெங்களூர்",
            "Mysore": "மைசூர்",
            "Belgaum": "பெல்காம்",
            "Bellary": "பெல்லாரி",
            "Dharwad": "தார்வாட்",
            "Pune": "புனே",
            "Mumbai": "மும்பை",
            "Nagpur": "நாக்பூர்",
            "Nashik": "நாசிக்",
            "Aurangabad": "அவுரங்காபாத்",
            "Kolhapur": "கொல்ஹாப்பூர்",
            "Solapur": "சோலாப்பூர்",
            "Ahmednagar": "அகமதுநகர்",
            "Ahmedabad": "அகமதாபாத்",
            "Rajkot": "ராஜ்கோட்",
            "Surat": "சூரத்",
            "Jaipur": "ஜெய்ப்பூர்",
            "Jodhpur": "ஜோத்பூர்",
            "Udaipur": "உதய்பூர்",
            "Lucknow": "லக்னௌ",
            "Agra": "ஆக்ரா",
            "Varanasi": "வாரணாசி",
            "Kanpur": "கான்பூர்",
            "Indore": "இந்தோர்",
            "Bhopal": "போபால்",
            "Patna": "பட்னா",
            "Kolkata": "கொல்கத்தா",
            "Ludhiana": "லுதியானா",
            "Amritsar": "அமிர்தசரஸ்",
            "Bhubaneswar": "புவனேஸ்வர்",
            "Raipur": "ராய்ப்பூர்"
        }
    }
}